#{"t_start": 1765233071.7594619, "env_id": "None"}
r,l,t
-2.0,1,4.240639
-2.0,1,8.19112
-1.883434,1,12.048684
-2.0,1,15.93731
-2.0,1,19.701495
-2.0,1,23.37417
-2.0,1,27.235584
-2.0,1,31.029454
-2.0,1,34.964688
-2.0,1,38.961903
-2.0,1,42.816428
-2.0,1,46.602246
-2.0,1,50.47783
-2.0,1,54.373877
-2.0,1,58.284654
-2.0,1,62.14621
-2.0,1,65.954827
-1.853327,1,69.822038
-2.0,1,73.697932
-2.0,1,77.425081
-2.0,1,81.112314
-2.0,1,85.029748
-2.0,1,88.838713
-2.0,1,92.713613
-2.0,1,96.513165
-2.0,1,100.42016
-2.0,1,104.265202
-2.0,1,108.201984
-2.0,1,112.090298
-2.0,1,115.888089
-2.0,1,120.002622
-2.0,1,123.794207
-2.0,1,127.700243
-2.0,1,131.491981
-2.0,1,135.272982
-2.0,1,139.135615
-2.0,1,143.062803
-2.0,1,146.891705
-2.0,1,150.712494
-2.0,1,154.560111
-2.0,1,158.412813
-2.0,1,162.181793
-2.0,1,166.008182
-1.719013,1,169.836899
-2.0,1,173.667704
-2.0,1,177.427577
-2.0,1,181.223268
-2.0,1,185.042961
-2.0,1,188.842698
-2.0,1,192.714372
-1.84041,1,196.538115
-2.0,1,200.323131
-2.0,1,204.187468
-2.0,1,208.009945
-2.0,1,211.842066
-2.0,1,215.678868
-2.0,1,219.502063
-2.0,1,223.235729
-2.0,1,227.081645
-2.0,1,230.872178
-2.0,1,234.731413
-2.0,1,238.444125
-2.0,1,242.200787
-2.0,1,246.021466
-2.0,1,249.802537
-2.0,1,253.572879
-2.0,1,257.427585
-2.0,1,261.24468
-1.731107,1,265.018229
-2.0,1,268.830273
-2.0,1,272.607285
-2.0,1,276.429572
-2.0,1,280.30683
-2.0,1,284.099207
-2.0,1,287.955416
-2.0,1,291.888855
-2.0,1,295.692501
-2.0,1,299.550291
-2.0,1,303.418315
-2.0,1,307.184935
-2.0,1,311.005227
-2.0,1,314.796559
-2.0,1,318.602844
-2.0,1,322.441345
-2.0,1,326.308388
-2.0,1,330.189913
-2.0,1,333.970501
-2.0,1,337.818233
-2.0,1,341.602326
-2.0,1,345.442119
-2.0,1,349.281183
-2.0,1,353.157469
-2.0,1,356.944123
-2.0,1,360.783558
-2.0,1,364.57696
-2.0,1,368.380808
-2.0,1,372.257261
-2.0,1,376.085188
-2.0,1,379.883977
-2.0,1,383.734576
-2.0,1,387.515142
-2.0,1,391.362502
-2.0,1,395.213794
-2.0,1,399.123983
-2.0,1,402.90117
-2.0,1,406.777312
-2.0,1,410.614759
-2.0,1,414.506796
-2.0,1,418.475535
-2.0,1,422.335429
-2.0,1,426.201536
-2.0,1,430.03792
-2.0,1,433.847497
-2.0,1,437.699957
-2.0,1,441.565312
-2.0,1,445.40908
-1.82219,1,449.234197
-2.0,1,453.094788
-2.0,1,456.957024
-2.0,1,460.830177
-2.0,1,464.70822
-2.0,1,468.573251
-2.0,1,472.532778
-2.0,1,476.404776
-2.0,1,480.247839
-2.0,1,484.06418
-2.0,1,488.097158
-2.0,1,491.966594
-2.0,1,497.503224
-2.0,1,501.37748
-2.0,1,505.232366
-2.0,1,509.125673
-2.0,1,513.205257
-2.0,1,517.283068
-2.0,1,521.322937
-2.0,1,525.352793
-2.0,1,529.406767
-2.0,1,533.506047
-1.7015,1,537.631015
-2.0,1,541.575093
-2.0,1,545.643232
-2.0,1,549.658297
-2.0,1,553.714685
-2.0,1,557.749768
-2.0,1,561.903372
-1.70404,1,565.949178
-2.0,1,569.974013
-2.0,1,574.09213
-1.597676,1,578.144932
-2.0,1,582.245419
-2.0,1,586.424074
-1.924587,1,590.507387
-2.0,1,594.594308
-2.0,1,598.572529
-2.0,1,602.716247
-2.0,1,606.738826
-2.0,1,610.883338
-2.0,1,614.939097
-2.0,1,618.946457
-2.0,1,623.016697
-2.0,1,627.011756
-2.0,1,631.066202
-2.0,1,635.184169
-2.0,1,639.211022
-2.0,1,643.373899
-2.0,1,647.371606
-2.0,1,651.481751
-2.0,1,655.563286
-2.0,1,659.531311
-2.0,1,663.560894
-2.0,1,667.579342
-2.0,1,671.644914
-1.888752,1,675.590767
-2.0,1,679.596457
-2.0,1,683.734887
-2.0,1,687.769365
-2.0,1,691.738573
-0.722757,1,695.810058
-2.0,1,699.765319
-2.0,1,703.829754
-2.0,1,707.953753
-2.0,1,712.009056
-2.0,1,715.988439
-2.0,1,720.087868
-1.700952,1,724.13868
-2.0,1,728.222139
-2.0,1,732.31979
-2.0,1,736.352535
-2.0,1,740.379247
-2.0,1,744.404467
-2.0,1,748.444794
-2.0,1,752.513302
-2.0,1,756.559582
-1.75022,1,760.62542
-2.0,1,764.585649
-2.0,1,768.689032
-2.0,1,772.722421
-2.0,1,776.735566
-2.0,1,780.886757
-2.0,1,784.905003
-2.0,1,789.009509
-2.0,1,793.049082
-2.0,1,797.182067
-2.0,1,801.385619
-2.0,1,805.550995
-2.0,1,809.735026
-2.0,1,813.809372
-2.0,1,817.747451
-2.0,1,821.676032
-2.0,1,825.621288
-2.0,1,829.582224
-2.0,1,833.442677
-1.791679,1,837.345964
-2.0,1,841.20526
-2.0,1,845.111158
-2.0,1,849.020601
-2.0,1,853.019765
-2.0,1,856.910113
-2.0,1,860.849193
-2.0,1,864.719162
-2.0,1,868.79081
-2.0,1,872.755215
-2.0,1,876.710769
-2.0,1,880.594062
-2.0,1,884.486311
-2.0,1,888.379035
-1.777526,1,892.296376
-2.0,1,896.231127
-2.0,1,900.171216
-2.0,1,904.020902
-2.0,1,907.914842
-2.0,1,911.850333
-1.864846,1,915.808857
-2.0,1,919.747839
-2.0,1,923.747935
-2.0,1,927.740189
-2.0,1,931.649375
-2.0,1,935.580793
-2.0,1,939.490283
-2.0,1,943.389083
-2.0,1,947.379377
-2.0,1,951.247009
-2.0,1,955.216962
-2.0,1,959.094655
-1.80983,1,962.994022
-2.0,1,966.92916
-2.0,1,970.872858
-2.0,1,974.703514
-2.0,1,978.531839
-2.0,1,982.459712
-2.0,1,986.369422
-2.0,1,990.233622
-1.549929,1,994.230493
-2.0,1,998.173686
-2.0,1,1002.026086
-2.0,1,1005.87434
-2.0,1,1011.454223
-2.0,1,1015.396939
-2.0,1,1019.394242
-2.0,1,1023.259698
-2.0,1,1027.131867
-2.0,1,1031.076863
-2.0,1,1035.065261
-2.0,1,1038.931945
-2.0,1,1042.905318
-2.0,1,1046.793694
-2.0,1,1050.746784
-2.0,1,1054.594826
-2.0,1,1058.476769
-2.0,1,1062.422883
-2.0,1,1066.362827
-2.0,1,1070.358068
-2.0,1,1074.258107
-2.0,1,1078.179445
-2.0,1,1082.109974
-2.0,1,1086.024576
-1.714463,1,1090.021539
-2.0,1,1093.954067
-2.0,1,1097.838643
-2.0,1,1101.759109
-1.907711,1,1105.675679
-2.0,1,1109.651164
-2.0,1,1113.600031
-2.0,1,1117.536205
-2.0,1,1121.466153
-2.0,1,1125.387496
-2.0,1,1129.311529
-2.0,1,1133.204379
-2.0,1,1137.237492
-2.0,1,1141.121909
-2.0,1,1145.138779
-2.0,1,1149.049252
-2.0,1,1152.953382
-2.0,1,1156.896741
-2.0,1,1160.897188
-2.0,1,1164.772504
-2.0,1,1168.68562
-2.0,1,1172.634399
-2.0,1,1176.521089
-2.0,1,1180.411369
-1.88581,1,1184.36746
-2.0,1,1188.292205
-2.0,1,1192.199173
-2.0,1,1196.083402
-2.0,1,1199.997107
-2.0,1,1203.920152
-2.0,1,1207.873396
-2.0,1,1211.74465
-2.0,1,1215.646447
-2.0,1,1219.579756
-2.0,1,1223.446414
-2.0,1,1227.386943
-2.0,1,1231.335678
-2.0,1,1235.216528
-2.0,1,1239.065386
-2.0,1,1242.925572
-2.0,1,1246.786761
-2.0,1,1250.671253
-2.0,1,1254.632697
-1.903808,1,1258.511919
-2.0,1,1262.414003
-2.0,1,1266.273655
-1.730096,1,1270.134649
-2.0,1,1274.009479
-2.0,1,1277.915143
-2.0,1,1281.76594
-2.0,1,1285.655304
-2.0,1,1289.55103
-2.0,1,1293.59201
-2.0,1,1297.69668
-2.0,1,1301.761482
-2.0,1,1305.767063
-2.0,1,1309.89553
-2.0,1,1313.892206
-2.0,1,1318.073004
-2.0,1,1322.316118
-2.0,1,1326.529276
-2.0,1,1330.490101
-2.0,1,1334.605796
-2.0,1,1338.641809
-2.0,1,1342.653252
-2.0,1,1346.765337
-2.0,1,1350.772105
-2.0,1,1354.789621
-2.0,1,1358.756261
-2.0,1,1362.784238
-2.0,1,1366.786074
-2.0,1,1370.810941
-2.0,1,1374.874236
-2.0,1,1378.808553
-2.0,1,1382.732463
-2.0,1,1386.780139
-1.922747,1,1390.652938
-2.0,1,1394.653212
-1.791658,1,1398.656995
-2.0,1,1402.640244
-1.742635,1,1406.575982
-2.0,1,1410.723836
-2.0,1,1414.695796
-2.0,1,1418.681773
-2.0,1,1422.745326
-2.0,1,1426.749542
-2.0,1,1430.70337
-2.0,1,1434.664831
-2.0,1,1438.597401
-2.0,1,1442.732261
-2.0,1,1446.787025
-2.0,1,1450.7347
-2.0,1,1454.947711
-2.0,1,1458.953536
-2.0,1,1463.026906
-1.74767,1,1467.005519
-2.0,1,1470.933248
-2.0,1,1475.035416
-2.0,1,1479.059811
-2.0,1,1483.115537
-2.0,1,1487.131497
-1.802092,1,1491.170561
-2.0,1,1495.444009
-2.0,1,1499.487425
-2.0,1,1503.48984
-2.0,1,1507.538715
-2.0,1,1511.752011
-2.0,1,1515.903663
-2.0,1,1521.83333
-2.0,1,1525.953945
-2.0,1,1530.054911
-2.0,1,1534.206766
-2.0,1,1538.345058
-2.0,1,1542.439958
-2.0,1,1546.703447
-2.0,1,1550.851705
-2.0,1,1554.968319
-2.0,1,1559.143295
-2.0,1,1563.353021
-2.0,1,1567.607809
-2.0,1,1571.826035
-2.0,1,1575.980908
-2.0,1,1580.060805
-2.0,1,1584.287911
-2.0,1,1588.422242
-2.0,1,1592.592234
-2.0,1,1596.695742
-2.0,1,1600.746579
-1.774427,1,1604.95223
-2.0,1,1608.975817
-2.0,1,1613.034656
-2.0,1,1617.258967
-2.0,1,1621.294706
-2.0,1,1625.365783
-2.0,1,1629.486564
-2.0,1,1633.480448
-2.0,1,1637.632205
-2.0,1,1641.690403
-2.0,1,1645.886728
-2.0,1,1649.85783
-2.0,1,1653.863929
-2.0,1,1657.905102
-2.0,1,1661.861424
-2.0,1,1665.975418
-2.0,1,1670.087224
-2.0,1,1674.024358
-2.0,1,1678.00611
-2.0,1,1681.926926
-2.0,1,1685.888462
-2.0,1,1689.812406
-2.0,1,1693.760346
-2.0,1,1697.701537
-2.0,1,1701.613896
-2.0,1,1705.490532
-2.0,1,1709.418087
-2.0,1,1713.413799
-1.930168,1,1717.415143
-1.900008,1,1722.428953
-1.706305,1,1726.436394
-2.0,1,1730.367006
-2.0,1,1734.374395
-2.0,1,1738.316311
-2.0,1,1742.373825
-1.705685,1,1746.403835
-2.0,1,1750.400919
-1.707222,1,1754.365406
-2.0,1,1758.475604
-2.0,1,1762.476435
-2.0,1,1766.521077
-2.0,1,1770.579262
-2.0,1,1774.551821
-2.0,1,1778.566095
-2.0,1,1782.540658
-2.0,1,1786.495922
-1.949136,1,1790.457992
-2.0,1,1794.511507
-2.0,1,1798.550901
-2.0,1,1802.579826
-2.0,1,1806.507006
-2.0,1,1810.56627
-2.0,1,1814.466086
-2.0,1,1818.575964
-2.0,1,1822.537206
-1.710974,1,1826.421625
-2.0,1,1830.36473
-2.0,1,1834.255243
-2.0,1,1838.232506
-2.0,1,1842.304865
-2.0,1,1846.231692
-2.0,1,1850.16718
-2.0,1,1854.231613
-2.0,1,1858.095753
-2.0,1,1862.04576
-2.0,1,1866.055259
-2.0,1,1870.023751
-1.8009,1,1873.982193
-2.0,1,1877.913192
-2.0,1,1881.894294
-2.0,1,1885.862555
-2.0,1,1889.895088
-1.708836,1,1893.795892
-2.0,1,1897.851913
-2.0,1,1901.884773
-1.702773,1,1905.775032
-2.0,1,1909.71575
-1.975904,1,1913.693789
-1.787381,1,1917.614543
-2.0,1,1921.562034
-2.0,1,1925.524898
-2.0,1,1929.431988
-2.0,1,1933.35465
-2.0,1,1937.353605
-2.0,1,1941.436915
-1.948815,1,1945.420154
-2.0,1,1949.419467
-2.0,1,1953.345057
-2.0,1,1957.235866
-2.0,1,1961.24962
-2.0,1,1965.136748
-2.0,1,1969.091343
-2.0,1,1973.041081
-2.0,1,1976.968616
-2.0,1,1980.959874
-2.0,1,1984.970456
-2.0,1,1988.878787
-2.0,1,1992.855767
-2.0,1,1996.869466
-2.0,1,2000.730612
-2.0,1,2004.691245
-2.0,1,2008.671521
-2.0,1,2012.559456
-2.0,1,2016.433153
-2.0,1,2020.356462
-2.0,1,2024.246144
-2.0,1,2028.181443
-2.0,1,2032.159262
-1.877264,1,2037.713948
-2.0,1,2041.680565
-2.0,1,2045.588372
-2.0,1,2049.490809
-2.0,1,2053.465579
-2.0,1,2057.4621
-2.0,1,2061.371767
-2.0,1,2065.333137
-2.0,1,2069.303941
-2.0,1,2073.228262
-2.0,1,2077.138678
-2.0,1,2081.086474
-2.0,1,2084.958404
-2.0,1,2088.879764
-2.0,1,2092.890631
-1.701207,1,2096.825386
-2.0,1,2100.792852
-2.0,1,2104.77027
-2.0,1,2108.720036
-2.0,1,2112.622209
-2.0,1,2116.564504
-1.626423,1,2120.46335
-2.0,1,2124.394441
-2.0,1,2128.275196
-2.0,1,2132.20344
-2.0,1,2136.070005
-2.0,1,2139.990483
-2.0,1,2143.93214
-2.0,1,2147.838685
-2.0,1,2151.898371
-2.0,1,2155.804092
-2.0,1,2159.692464
-2.0,1,2163.61821
-2.0,1,2167.478392
-2.0,1,2171.352594
-2.0,1,2175.369543
-2.0,1,2179.390989
-2.0,1,2183.240867
-2.0,1,2187.166098
-2.0,1,2191.062755
-2.0,1,2194.960505
-2.0,1,2198.907262
-2.0,1,2202.765407
-2.0,1,2206.670736
-2.0,1,2210.580876
-2.0,1,2214.478165
-2.0,1,2218.416871
-2.0,1,2222.373082
-2.0,1,2226.309257
-2.0,1,2230.253415
-2.0,1,2234.15523
-2.0,1,2238.108427
-2.0,1,2241.99525
-2.0,1,2245.941935
-1.977689,1,2249.812635
-2.0,1,2253.750754
-2.0,1,2257.710553
-2.0,1,2261.66956
-2.0,1,2265.542512
-2.0,1,2269.571211
-2.0,1,2273.532298
-2.0,1,2277.459498
-2.0,1,2281.424798
-2.0,1,2285.314947
-2.0,1,2289.173569
-1.914666,1,2293.109683
-2.0,1,2297.066914
-2.0,1,2300.951609
-1.674892,1,2304.840722
-2.0,1,2308.679589
-2.0,1,2312.632458
-2.0,1,2316.690688
-1.742157,1,2320.629844
-2.0,1,2324.533086
-2.0,1,2328.497326
-2.0,1,2332.430518
-2.0,1,2336.381096
-2.0,1,2340.35051
-2.0,1,2344.249279
-2.0,1,2348.147524
-2.0,1,2352.118063
-2.0,1,2356.064315
-2.0,1,2359.923423
-2.0,1,2363.936678
-2.0,1,2367.8478
-2.0,1,2371.744624
-2.0,1,2375.712759
-2.0,1,2379.633412
-2.0,1,2383.595746
-1.700526,1,2387.614287
-2.0,1,2391.602397
-2.0,1,2395.521225
-1.846596,1,2399.451121
-2.0,1,2403.405514
-2.0,1,2407.408455
-2.0,1,2411.40117
-2.0,1,2415.331428
-2.0,1,2419.241108
-2.0,1,2423.192131
-2.0,1,2427.090498
-2.0,1,2431.003152
-1.840905,1,2434.976514
-2.0,1,2438.842952
-2.0,1,2442.760746
-2.0,1,2446.722004
-2.0,1,2450.660062
-2.0,1,2454.566951
-2.0,1,2458.613792
-2.0,1,2462.608686
-2.0,1,2466.539415
-2.0,1,2470.451345
-2.0,1,2474.369361
-2.0,1,2478.348765
-2.0,1,2482.385413
-1.704191,1,2486.39943
-2.0,1,2490.331005
-2.0,1,2494.432092
-2.0,1,2498.368494
-2.0,1,2502.259774
-2.0,1,2506.260014
-2.0,1,2510.169283
-2.0,1,2514.113653
-2.0,1,2518.009437
-2.0,1,2522.013591
-2.0,1,2525.919998
-2.0,1,2529.845608
-2.0,1,2533.731945
-2.0,1,2537.561477
-2.0,1,2543.159581
-2.0,1,2547.100318
-2.0,1,2550.981821
-2.0,1,2555.028339
-2.0,1,2558.983144
-2.0,1,2562.937475
-2.0,1,2566.892148
-1.734422,1,2570.734135
-2.0,1,2574.716355
-2.0,1,2578.703532
-2.0,1,2582.671296
-2.0,1,2586.564025
-2.0,1,2590.473182
-2.0,1,2594.386199
-2.0,1,2598.298342
-2.0,1,2602.230197
-2.0,1,2606.199704
-2.0,1,2610.120383
-2.0,1,2614.059507
-2.0,1,2618.004386
-2.0,1,2621.933267
-1.942967,1,2625.949586
-2.0,1,2629.859594
-2.0,1,2633.781084
-2.0,1,2637.724777
-2.0,1,2641.606971
-2.0,1,2645.54425
-2.0,1,2649.557432
-2.0,1,2653.506412
-2.0,1,2657.4143
-1.944897,1,2661.321134
-2.0,1,2665.211365
-1.436924,1,2669.079119
-2.0,1,2673.026227
-2.0,1,2676.92832
-2.0,1,2680.79285
-2.0,1,2684.717056
-2.0,1,2688.599343
-2.0,1,2692.546162
-2.0,1,2696.593713
-2.0,1,2700.486797
-2.0,1,2704.364946
-2.0,1,2708.275208
-2.0,1,2712.169328
-1.981222,1,2716.123012
-2.0,1,2720.052813
-2.0,1,2723.961645
-2.0,1,2727.87636
-2.0,1,2731.815217
-2.0,1,2735.768096
-2.0,1,2739.704893
-1.723399,1,2743.770319
-2.0,1,2747.698879
-2.0,1,2751.641314
-2.0,1,2755.61169
-2.0,1,2759.528883
-2.0,1,2763.507392
-2.0,1,2767.443275
-2.0,1,2771.348731
-2.0,1,2775.416158
-2.0,1,2779.369507
-2.0,1,2783.259734
-2.0,1,2787.26091
-2.0,1,2791.189262
-2.0,1,2795.087683
-2.0,1,2799.029333
-2.0,1,2802.899616
-2.0,1,2806.848066
-2.0,1,2810.758065
-1.919391,1,2814.78922
-2.0,1,2818.670807
-1.749411,1,2822.610885
-2.0,1,2826.516676
-1.701029,1,2830.388727
-2.0,1,2834.301386
-2.0,1,2838.230375
-2.0,1,2842.17818
-2.0,1,2846.411905
-2.0,1,2850.500713
-1.962472,1,2854.536148
-2.0,1,2858.65212
-2.0,1,2862.845468
-1.911392,1,2866.90605
-2.0,1,2870.955882
-2.0,1,2875.073943
-2.0,1,2879.220032
-2.0,1,2883.254532
-2.0,1,2887.35272
-2.0,1,2891.384189
-2.0,1,2895.374812
-1.701118,1,2899.429546
-1.721006,1,2903.417948
-2.0,1,2907.494087
-2.0,1,2911.57708
-2.0,1,2915.594008
-2.0,1,2919.606111
-2.0,1,2923.643999
-2.0,1,2927.674543
-2.0,1,2931.772604
-1.798594,1,2935.799758
-2.0,1,2939.755932
-2.0,1,2943.764143
-1.922916,1,2947.796063
-2.0,1,2951.808929
-2.0,1,2955.812006
-2.0,1,2959.841089
-2.0,1,2963.976852
-2.0,1,2968.097836
-1.883734,1,2972.121038
-2.0,1,2976.014446
-2.0,1,2980.038846
-2.0,1,2984.086788
-2.0,1,2988.113929
-1.791634,1,2992.211222
-2.0,1,2996.337718
-2.0,1,3000.382919
-2.0,1,3004.447648
-2.0,1,3008.505141
-1.870536,1,3012.507316
-2.0,1,3016.553762
-2.0,1,3020.672728
-2.0,1,3024.78427
-2.0,1,3028.817537
-2.0,1,3032.929078
-2.0,1,3036.971258
-2.0,1,3040.97413
-2.0,1,3045.009402
-2.0,1,3049.081114
-2.0,1,3054.811337
-1.971739,1,3058.870865
-2.0,1,3062.877247
-2.0,1,3066.899688
-1.832459,1,3070.92232
-2.0,1,3074.909531
-2.0,1,3078.929265
-2.0,1,3082.96232
-2.0,1,3086.997921
-1.749138,1,3091.114761
-2.0,1,3095.162701
-2.0,1,3099.182198
-2.0,1,3103.349342
-2.0,1,3107.349409
-2.0,1,3111.401778
-2.0,1,3115.416338
-2.0,1,3119.422006
-2.0,1,3123.481134
-2.0,1,3127.559882
-1.741079,1,3131.624029
-2.0,1,3135.627446
-2.0,1,3139.597253
-1.742296,1,3143.617641
-2.0,1,3147.764656
-2.0,1,3151.88318
-2.0,1,3155.977848
-2.0,1,3159.928096
-2.0,1,3163.952715
-2.0,1,3167.998969
-2.0,1,3172.041717
-2.0,1,3176.084543
-2.0,1,3180.188268
-2.0,1,3184.147132
-2.0,1,3188.170344
-2.0,1,3192.249195
-2.0,1,3196.246859
-2.0,1,3200.281462
-2.0,1,3204.374593
-2.0,1,3208.410536
-2.0,1,3212.435941
-2.0,1,3216.464581
-2.0,1,3220.514635
-2.0,1,3224.576375
-2.0,1,3228.639916
-2.0,1,3232.684978
-2.0,1,3236.741277
-1.754528,1,3240.742282
-2.0,1,3244.745434
-2.0,1,3248.815892
-2.0,1,3252.874848
-2.0,1,3256.894316
-2.0,1,3260.90641
-2.0,1,3264.966776
-1.934511,1,3268.987139
-2.0,1,3273.09387
-1.896255,1,3277.218458
-2.0,1,3281.294113
-2.0,1,3285.29654
-1.796965,1,3289.327985
-2.0,1,3293.344747
-2.0,1,3297.495307
-2.0,1,3301.653713
-2.0,1,3305.610547
-2.0,1,3309.69437
-2.0,1,3313.811307
-2.0,1,3317.901381
-2.0,1,3321.904116
-2.0,1,3325.972493
-2.0,1,3330.007488
-1.770318,1,3334.067355
-2.0,1,3338.153589
-2.0,1,3342.272064
-2.0,1,3346.349913
-2.0,1,3350.40017
-2.0,1,3354.520587
-2.0,1,3358.645746
-2.0,1,3362.697077
-1.718384,1,3366.818702
-2.0,1,3370.960541
-2.0,1,3375.019141
-2.0,1,3379.085835
-2.0,1,3383.173323
-2.0,1,3387.203709
-2.0,1,3391.195812
-2.0,1,3395.228276
-2.0,1,3399.422533
-2.0,1,3403.396656
-2.0,1,3407.428718
-1.700623,1,3411.513705
-2.0,1,3415.596272
-2.0,1,3419.587996
-1.7393,1,3423.696783
-2.0,1,3427.746666
-2.0,1,3431.85388
-2.0,1,3435.854781
-2.0,1,3439.923901
-2.0,1,3444.108926
-2.0,1,3448.179442
-2.0,1,3452.189808
-2.0,1,3456.222027
-2.0,1,3460.283416
-2.0,1,3464.304645
-2.0,1,3468.332765
-2.0,1,3472.426785
-2.0,1,3476.420154
-2.0,1,3480.357871
-2.0,1,3484.519016
-2.0,1,3488.655721
-2.0,1,3492.74315
-2.0,1,3496.839237
-2.0,1,3500.924278
-2.0,1,3504.940563
-2.0,1,3508.934989
-2.0,1,3512.943832
-2.0,1,3517.073588
-2.0,1,3521.199091
-2.0,1,3525.214007
-2.0,1,3529.162067
-2.0,1,3533.147051
-2.0,1,3537.248404
-2.0,1,3541.349001
-2.0,1,3545.449689
-2.0,1,3549.532675
-2.0,1,3553.51583
-2.0,1,3557.533206
-1.877582,1,3561.632388
-2.0,1,3565.689172
-2.0,1,3569.755603
-2.0,1,3575.397638
-2.0,1,3579.325146
-2.0,1,3583.278239
-1.731971,1,3587.328751
-2.0,1,3591.431243
-2.0,1,3595.515034
-2.0,1,3599.496852
-2.0,1,3603.407209
-2.0,1,3607.473715
-2.0,1,3611.545114
-2.0,1,3615.619606
-2.0,1,3619.672254
-2.0,1,3623.748966
-2.0,1,3627.757011
-2.0,1,3631.797797
-2.0,1,3635.89955
-2.0,1,3639.992763
-2.0,1,3644.0491
-2.0,1,3648.000242
-2.0,1,3652.008327
-2.0,1,3656.001323
-2.0,1,3660.042163
-2.0,1,3664.133562
-2.0,1,3668.2195
-2.0,1,3672.258957
-1.701761,1,3676.243971
-2.0,1,3680.220197
-2.0,1,3684.260207
-2.0,1,3688.322293
-1.714924,1,3692.331535
-2.0,1,3696.397937
-2.0,1,3700.365823
-2.0,1,3704.369328
-2.0,1,3708.461551
-2.0,1,3712.558095
-2.0,1,3716.693187
-2.0,1,3720.716603
-2.0,1,3724.715431
-2.0,1,3728.686461
-1.934436,1,3732.792763
-2.0,1,3736.901715
-2.0,1,3740.979054
-2.0,1,3744.949709
-2.0,1,3748.934989
-2.0,1,3752.972009
-2.0,1,3757.032126
-2.0,1,3761.086518
-2.0,1,3765.126896
-2.0,1,3769.169985
-2.0,1,3773.236171
-2.0,1,3777.62133
-1.769717,1,3781.726147
-2.0,1,3785.805242
-2.0,1,3789.850236
-2.0,1,3793.861312
-2.0,1,3797.876936
-2.0,1,3801.866876
-2.0,1,3805.877407
-2.0,1,3809.879742
-2.0,1,3813.932175
-2.0,1,3817.917784
-2.0,1,3821.921438
-2.0,1,3825.91953
-2.0,1,3829.960251
-2.0,1,3834.084971
-2.0,1,3838.176514
-1.822164,1,3842.220168
-2.0,1,3846.181838
-2.0,1,3850.19113
-1.838917,1,3854.279667
-1.929277,1,3858.338326
-2.0,1,3862.397898
-2.0,1,3866.401279
-2.0,1,3870.364573
-2.0,1,3874.445445
-2.0,1,3878.507918
-2.0,1,3882.55203
-2.0,1,3886.613059
-2.0,1,3890.59574
-2.0,1,3894.621494
-1.699244,1,3898.686347
-2.0,1,3902.785021
-2.0,1,3906.92861
-2.0,1,3911.022699
-2.0,1,3915.049285
-2.0,1,3919.064387
-2.0,1,3923.098172
-2.0,1,3927.169643
-2.0,1,3931.243749
-2.0,1,3936.910575
-2.0,1,3941.132087
-2.0,1,3945.24351
-2.0,1,3949.579501
-2.0,1,3953.818718
-2.0,1,3958.028228
-1.975218,1,3962.302652
-1.756144,1,3966.562895
-2.0,1,3970.663783
-2.0,1,3974.803163
-2.0,1,3979.092891
-2.0,1,3983.331533
-2.0,1,3987.712229
-1.700076,1,3991.934208
-2.0,1,3996.205038
-2.0,1,4000.624672
-2.0,1,4004.838338
-2.0,1,4009.061965
-2.0,1,4013.361466
-2.0,1,4017.618396
-2.0,1,4021.760841
-2.0,1,4025.944589
-2.0,1,4030.243559
-2.0,1,4034.519686
-2.0,1,4038.892714
-2.0,1,4043.013897
-2.0,1,4047.176952
-2.0,1,4051.404841
-2.0,1,4055.66059
-2.0,1,4059.82882
-2.0,1,4064.112554
-2.0,1,4068.298566
-2.0,1,4072.394626
-2.0,1,4076.546211
-2.0,1,4080.685761
-2.0,1,4084.779466
-1.729776,1,4088.911586
-2.0,1,4093.166294
-2.0,1,4097.26092
-2.0,1,4103.361763
-2.0,1,4107.629765
-2.0,1,4111.661787
-2.0,1,4115.726917
-2.0,1,4120.02443
-2.0,1,4124.194403
-2.0,1,4128.190355
-2.0,1,4132.407673
-1.700122,1,4136.636711
-2.0,1,4140.72767
-2.0,1,4144.767469
-1.882331,1,4149.03441
-2.0,1,4153.035597
-2.0,1,4157.010906
-2.0,1,4161.211852
-2.0,1,4165.374056
-2.0,1,4169.342255
-2.0,1,4173.518406
-1.727401,1,4177.835823
-2.0,1,4181.986843
-2.0,1,4186.136397
-2.0,1,4190.446643
-2.0,1,4194.719879
-2.0,1,4198.714901
-2.0,1,4202.82621
-2.0,1,4207.08813
-2.0,1,4211.146571
-2.0,1,4215.239853
-2.0,1,4219.408975
-2.0,1,4223.491972
-2.0,1,4227.515898
-1.706557,1,4231.634276
-2.0,1,4235.87247
-1.978354,1,4239.973734
-2.0,1,4243.98153
-2.0,1,4248.106019
-2.0,1,4252.230962
-2.0,1,4256.215419
-2.0,1,4260.271349
-1.737585,1,4264.452544
-2.0,1,4268.557234
-2.0,1,4272.563156
-2.0,1,4276.661989
-1.963636,1,4280.735857
-1.956877,1,4284.731295
-2.0,1,4288.862463
-1.708753,1,4293.005244
-2.0,1,4297.012279
-2.0,1,4301.029119
-1.780195,1,4305.144687
-1.699637,1,4309.262456
-2.0,1,4313.372281
-2.0,1,4317.442599
-2.0,1,4321.529096
-2.0,1,4325.621457
-2.0,1,4329.671144
-2.0,1,4333.821278
-2.0,1,4337.90649
-2.0,1,4341.91804
-2.0,1,4345.881087
-2.0,1,4349.903783
-2.0,1,4353.937562
-2.0,1,4357.982301
-2.0,1,4362.0887
-1.755152,1,4366.059321
-2.0,1,4370.053113
-2.0,1,4374.025827
-2.0,1,4378.065504
-2.0,1,4382.156652
-2.0,1,4386.264535
-2.0,1,4390.355747
-2.0,1,4394.373118
-2.0,1,4398.476019
-2.0,1,4402.485776
-2.0,1,4406.605965
-2.0,1,4410.672015
-1.762665,1,4414.739306
-1.731936,1,4418.757951
-2.0,1,4422.782733
-1.898447,1,4426.88462
-2.0,1,4430.945333
-2.0,1,4435.163102
-1.730934,1,4439.144055
-2.0,1,4443.220835
-2.0,1,4447.289707
-2.0,1,4451.463852
-2.0,1,4455.465821
-2.0,1,4459.634042
-2.0,1,4463.797747
-2.0,1,4467.839846
-2.0,1,4471.913089
-2.0,1,4476.008708
-2.0,1,4480.171998
-2.0,1,4484.322839
-2.0,1,4488.329034
-2.0,1,4492.558075
-2.0,1,4496.785939
-2.0,1,4500.814849
-2.0,1,4504.914414
-2.0,1,4509.095796
-2.0,1,4513.141798
-2.0,1,4517.09609
-2.0,1,4521.303005
-2.0,1,4525.431638
-2.0,1,4529.459371
-2.0,1,4533.707698
-1.701785,1,4537.846546
-2.0,1,4541.967589
-1.71148,1,4545.898007
-2.0,1,4550.104543
-2.0,1,4554.257604
-2.0,1,4558.356418
-1.072842,1,4562.471681
-2.0,1,4566.607141
-2.0,1,4570.631228
-2.0,1,4574.681009
-2.0,1,4578.742845
-2.0,1,4582.914635
-2.0,1,4586.931295
-2.0,1,4590.999608
-2.0,1,4595.148151
-2.0,1,4599.208959
-2.0,1,4603.244827
-1.710908,1,4607.357027
-2.0,1,4611.297896
-2.0,1,4615.331181
-2.0,1,4619.427139
-2.0,1,4623.611337
-2.0,1,4629.440508
-2.0,1,4633.576794
-2.0,1,4637.649666
-2.0,1,4641.688268
-2.0,1,4645.710436
-2.0,1,4649.846757
-2.0,1,4653.86717
-1.727497,1,4657.975092
-2.0,1,4662.068816
-2.0,1,4666.14159
-2.0,1,4670.113545
-1.786441,1,4674.248151
-2.0,1,4678.31368
-1.753833,1,4682.501781
-2.0,1,4686.531575
-2.0,1,4690.643086
-2.0,1,4694.810325
-2.0,1,4698.770652
-1.867252,1,4702.853963
-1.73583,1,4707.101688
-2.0,1,4711.135964
-2.0,1,4715.1757
-2.0,1,4719.316957
-2.0,1,4723.507248
-2.0,1,4727.70886
-2.0,1,4731.88542
-2.0,1,4735.814228
-2.0,1,4740.001332
-2.0,1,4744.207428
-2.0,1,4748.231808
-2.0,1,4752.29359
-2.0,1,4756.381066
-2.0,1,4760.467103
-2.0,1,4764.550213
-1.800231,1,4768.709575
-2.0,1,4772.917578
-2.0,1,4777.078099
-1.575602,1,4781.298085
-2.0,1,4785.563123
-1.905395,1,4789.634951
-2.0,1,4793.825568
-2.0,1,4797.920334
-2.0,1,4802.045792
-2.0,1,4806.133004
-2.0,1,4810.245118
-2.0,1,4814.407909
-1.738754,1,4818.456712
-2.0,1,4822.638028
-2.0,1,4826.78463
-2.0,1,4830.883088
-2.0,1,4834.935117
-2.0,1,4839.000629
-2.0,1,4842.980515
-2.0,1,4847.06517
-2.0,1,4851.007189
-2.0,1,4855.245822
-2.0,1,4859.254495
-2.0,1,4863.255359
-2.0,1,4867.279809
-2.0,1,4871.345073
-2.0,1,4875.475149
-2.0,1,4879.54506
-2.0,1,4883.599599
-2.0,1,4887.640305
-2.0,1,4891.733948
-2.0,1,4895.784298
-2.0,1,4899.887548
-2.0,1,4904.094201
-1.766014,1,4908.084657
-2.0,1,4912.213266
-2.0,1,4916.171524
-2.0,1,4920.225168
-2.0,1,4924.272725
-2.0,1,4928.491986
-2.0,1,4932.572128
-2.0,1,4936.590262
-2.0,1,4940.68459
-2.0,1,4944.956621
-2.0,1,4949.1083
-2.0,1,4953.188904
-2.0,1,4957.346818
-2.0,1,4961.382078
-2.0,1,4965.379097
-1.711314,1,4969.546647
-2.0,1,4973.723124
-2.0,1,4977.843415
-2.0,1,4981.891752
-2.0,1,4985.894254
-2.0,1,4989.9132
-2.0,1,4993.976781
-2.0,1,4998.047901
-2.0,1,5002.131357
-2.0,1,5006.129765
-1.719647,1,5010.225329
-2.0,1,5014.358104
-2.0,1,5018.538394
-2.0,1,5022.703229
-2.0,1,5026.807039
-2.0,1,5030.791145
-1.931589,1,5034.836684
-2.0,1,5038.801022
-2.0,1,5042.782188
-2.0,1,5046.897379
-1.703203,1,5050.932524
-2.0,1,5054.967214
-2.0,1,5058.997105
0.496593,1,5063.096758
-2.0,1,5067.191896
-1.815591,1,5071.248132
-1.016071,1,5075.36318
-0.825642,1,5079.524752
-2.0,1,5083.584618
-2.0,1,5087.605493
-2.0,1,5091.641633
-2.0,1,5095.76388
-2.0,1,5099.881079
-1.994295,1,5103.906096
-2.0,1,5107.937616
-2.0,1,5111.947987
-2.0,1,5116.123787
-2.0,1,5120.448183
-2.0,1,5124.876311
-1.310299,1,5128.945745
-2.0,1,5132.963855
-2.0,1,5137.067058
-2.0,1,5141.046652
-2.0,1,5145.094197
-2.0,1,5149.231243
-2.0,1,5155.007849
-1.748701,1,5159.248866
-2.0,1,5163.350028
-2.0,1,5167.391566
-2.0,1,5171.612117
-2.0,1,5175.725528
-2.0,1,5179.737661
-2.0,1,5183.755301
-1.840107,1,5187.706588
-2.0,1,5191.764684
-2.0,1,5195.831995
-2.0,1,5199.846807
-2.0,1,5203.977387
-2.0,1,5207.973526
-1.704751,1,5212.100252
-2.0,1,5216.273743
-2.0,1,5220.273669
-2.0,1,5224.386514
-2.0,1,5228.417187
-2.0,1,5232.374873
-2.0,1,5236.298129
-1.985323,1,5240.264297
-2.0,1,5244.333317
-2.0,1,5248.436057
-2.0,1,5252.447515
-2.0,1,5256.468374
-2.0,1,5260.488278
-2.0,1,5264.624501
-1.828031,1,5268.687356
-2.0,1,5272.954797
-2.0,1,5276.962261
-2.0,1,5281.242041
-2.0,1,5285.349053
-2.0,1,5289.50117
-2.0,1,5293.674005
-1.912422,1,5297.786194
-2.0,1,5301.742585
-1.767749,1,5305.687287
-2.0,1,5309.711328
-2.0,1,5313.753441
-2.0,1,5317.8119
-2.0,1,5321.952694
-2.0,1,5325.878148
-2.0,1,5329.881197
-1.714589,1,5333.928702
-2.0,1,5337.898735
-2.0,1,5341.930442
-2.0,1,5346.039913
-2.0,1,5349.997869
-1.701953,1,5354.068222
-2.0,1,5358.092194
-1.700375,1,5362.191952
-2.0,1,5366.28462
-2.0,1,5370.433393
-2.0,1,5374.523182
-2.0,1,5378.555069
-2.0,1,5382.512248
-2.0,1,5386.530639
-2.0,1,5390.668431
-2.0,1,5394.774713
-2.0,1,5398.83859
-2.0,1,5402.801528
-2.0,1,5406.74175
-2.0,1,5410.786068
-2.0,1,5414.916126
-2.0,1,5419.208037
-1.917776,1,5423.335339
-1.799066,1,5427.282111
-2.0,1,5431.215663
-2.0,1,5435.301211
-1.682817,1,5439.407115
-1.972142,1,5443.53066
-2.0,1,5447.536362
-2.0,1,5451.505377
-2.0,1,5455.565665
-2.0,1,5459.63654
-2.0,1,5463.897959
-2.0,1,5467.991116
-2.0,1,5471.99846
-2.0,1,5475.985931
-2.0,1,5480.096014
-1.715748,1,5484.115628
-1.699976,1,5488.196378
-2.0,1,5492.27981
-2.0,1,5496.349839
-2.0,1,5500.360221
-1.721574,1,5504.36928
-2.0,1,5508.463799
-2.0,1,5512.547115
-1.888179,1,5516.685621
-1.846804,1,5520.631421
-2.0,1,5524.609764
-2.0,1,5528.653426
-2.0,1,5532.628274
-1.746454,1,5536.812632
-2.0,1,5540.891751
-2.0,1,5544.8897
-2.0,1,5548.923105
-2.0,1,5552.942205
-2.0,1,5557.010019
-2.0,1,5561.073273
-2.0,1,5565.207749
-1.853103,1,5569.18437
-2.0,1,5573.209647
-2.0,1,5577.202147
-2.0,1,5581.539174
-2.0,1,5585.605498
-2.0,1,5589.802215
-2.0,1,5593.842824
-2.0,1,5597.812677
-2.0,1,5601.918744
-2.0,1,5606.038255
-1.802346,1,5610.093488
-2.0,1,5614.224609
-2.0,1,5618.277737
-2.0,1,5622.260693
-2.0,1,5626.260578
-2.0,1,5630.280046
-2.0,1,5634.384493
-1.701626,1,5638.521383
-2.0,1,5642.537672
-2.0,1,5646.552921
-2.0,1,5650.565766
-2.0,1,5654.681185
-1.939181,1,5658.745269
-2.0,1,5662.854992
-2.0,1,5666.810282
-2.0,1,5670.807147
-2.0,1,5676.378775
-2.0,1,5680.382406
-2.0,1,5684.499405
-2.0,1,5688.578326
-1.982696,1,5692.705506
-2.0,1,5696.795523
-2.0,1,5700.815725
-2.0,1,5704.963859
-2.0,1,5709.150211
-2.0,1,5713.295597
-2.0,1,5717.359517
-2.0,1,5721.338477
-1.701717,1,5725.353934
-2.0,1,5729.403148
-2.0,1,5733.483419
-2.0,1,5737.656722
-2.0,1,5741.637653
-2.0,1,5745.661599
-1.633168,1,5749.698742
-2.0,1,5753.750645
-2.0,1,5757.880011
-1.71216,1,5761.991799
-2.0,1,5765.93372
-1.987713,1,5769.91011
-2.0,1,5773.904574
-2.0,1,5777.98095
-2.0,1,5782.046093
-2.0,1,5786.073222
-2.0,1,5790.116202
-0.850829,1,5794.151559
-2.0,1,5798.232545
-2.0,1,5802.314778
-2.0,1,5806.385218
-2.0,1,5810.525206
-2.0,1,5814.433747
-2.0,1,5818.41623
-1.875916,1,5822.354447
-2.0,1,5826.284138
-1.725588,1,5830.319306
-2.0,1,5834.442664
-2.0,1,5838.460416
-2.0,1,5842.438196
-2.0,1,5846.432184
-2.0,1,5850.409409
-2.0,1,5854.512149
-2.0,1,5858.672128
-2.0,1,5862.682479
-2.0,1,5866.644995
-2.0,1,5870.581768
-1.968807,1,5874.647889
-2.0,1,5878.777801
-2.0,1,5882.889229
-2.0,1,5886.867717
-2.0,1,5890.887033
-2.0,1,5894.859713
-2.0,1,5898.923016
-1.701753,1,5902.956668
-2.0,1,5907.08383
-2.0,1,5911.030367
-1.869975,1,5915.022666
-2.0,1,5919.025298
-1.752241,1,5923.04982
-2.0,1,5927.114092
-2.0,1,5931.182584
-2.0,1,5935.23542
-2.0,1,5939.237832
-2.0,1,5943.289874
-2.0,1,5947.365646
-2.0,1,5951.415896
-2.0,1,5955.488693
-2.0,1,5959.552299
-2.0,1,5963.530101
-2.0,1,5967.508641
-1.937176,1,5971.488022
-2.0,1,5975.554876
-2.0,1,5979.637395
-2.0,1,5983.638138
-2.0,1,5987.649287
-2.0,1,5991.682116
-2.0,1,5995.752179
-2.0,1,5999.813613
-2.0,1,6003.946521
-2.0,1,6008.009086
-2.0,1,6011.950625
-1.702575,1,6015.926828
-2.0,1,6019.927307
-2.0,1,6024.00129
-2.0,1,6028.14174
-2.0,1,6032.213844
-2.0,1,6036.215443
-2.0,1,6040.189951
-1.713334,1,6044.324838
-2.0,1,6048.425777
-2.0,1,6052.543938
-2.0,1,6056.549414
-2.0,1,6060.548148
-2.0,1,6064.556003
-2.0,1,6068.520518
-1.849491,1,6072.600535
-2.0,1,6076.651478
-2.0,1,6080.653191
-2.0,1,6084.616679
-2.0,1,6088.59041
-2.0,1,6092.6317
-1.933853,1,6096.723424
-1.869117,1,6100.837313
-2.0,1,6104.848086
-1.720514,1,6108.864938
-1.699992,1,6112.872351
-2.0,1,6116.932478
-2.0,1,6121.040702
-2.0,1,6125.10021
-2.0,1,6129.145258
-2.0,1,6133.177815
-2.0,1,6137.245985
-2.0,1,6141.245595
-2.0,1,6145.311475
-2.0,1,6149.427787
-2.0,1,6153.500101
-2.0,1,6157.501926
-2.0,1,6161.44879
-2.0,1,6165.465465
-1.994471,1,6169.591614
-1.962216,1,6174.818685
-2.0,1,6178.923517
-2.0,1,6183.068797
-2.0,1,6187.023215
-1.994685,1,6191.20015
-2.0,1,6197.018175
-2.0,1,6201.040819
-2.0,1,6205.181832
-2.0,1,6209.320483
-1.837158,1,6213.354149
-2.0,1,6217.594129
-2.0,1,6221.800373
-2.0,1,6225.883373
-1.711538,1,6230.051528
-2.0,1,6234.222342
-1.739237,1,6238.257145
-1.888012,1,6242.273892
-2.0,1,6246.388575
-2.0,1,6250.61992
-2.0,1,6254.656546
-2.0,1,6258.739994
-2.0,1,6262.78692
-1.739353,1,6266.792617
-1.76928,1,6270.829239
-2.0,1,6275.032332
-2.0,1,6279.125644
-2.0,1,6283.104703
-2.0,1,6287.059093
-2.0,1,6291.244395
-2.0,1,6295.327556
-2.0,1,6299.366443
-2.0,1,6303.456469
-1.915829,1,6307.573983
-2.0,1,6311.625752
-2.0,1,6315.635563
-2.0,1,6319.828281
-1.699132,1,6323.959398
-1.890855,1,6327.970899
-2.0,1,6332.029571
-2.0,1,6336.161305
-2.0,1,6340.14081
-2.0,1,6344.149727
-2.0,1,6348.44294
-2.0,1,6352.576092
-1.718077,1,6356.576838
-1.791423,1,6360.816717
-2.0,1,6364.977156
-1.700142,1,6369.001631
-2.0,1,6373.132377
-2.0,1,6377.152322
-1.733554,1,6381.197372
-1.446846,1,6385.183522
-1.812015,1,6389.243142
-2.0,1,6393.427036
-2.0,1,6397.484087
-2.0,1,6401.452924
-2.0,1,6405.375251
-2.0,1,6409.441245
-2.0,1,6413.483429
-2.0,1,6417.477759
-2.0,1,6421.484155
-2.0,1,6425.50237
-1.833435,1,6429.523191
-2.0,1,6433.580907
-2.0,1,6437.601126
-1.832117,1,6441.587116
-2.0,1,6445.729144
-2.0,1,6449.857204
-1.959009,1,6453.865465
-2.0,1,6457.958762
-2.0,1,6462.136553
-2.0,1,6466.25247
-2.0,1,6470.331134
-2.0,1,6474.430407
-2.0,1,6478.574288
-2.0,1,6482.562407
-2.0,1,6486.527069
-2.0,1,6490.584448
-2.0,1,6494.6747
-1.784083,1,6498.729498
-2.0,1,6502.727117
-2.0,1,6506.828171
-2.0,1,6510.787343
-2.0,1,6514.805829
-1.786107,1,6518.991184
-1.699348,1,6523.068417
-2.0,1,6527.075357
-2.0,1,6531.110422
-1.883589,1,6535.344304
-2.0,1,6539.483109
-2.0,1,6543.576188
-2.0,1,6547.644711
-2.0,1,6551.653132
-2.0,1,6555.636279
-2.0,1,6559.659296
-2.0,1,6563.712495
-2.0,1,6567.787276
-2.0,1,6571.771053
-2.0,1,6575.895016
-2.0,1,6579.96592
-2.0,1,6584.037827
-2.0,1,6588.120138
-2.0,1,6592.253267
-2.0,1,6596.271347
-2.0,1,6600.259986
-2.0,1,6604.333979
-2.0,1,6608.392644
-2.0,1,6612.522623
-2.0,1,6616.519314
-2.0,1,6620.61359
-1.831872,1,6624.728452
-2.0,1,6628.748755
-2.0,1,6632.909568
-2.0,1,6637.055475
-2.0,1,6641.042275
-2.0,1,6645.036461
-2.0,1,6649.168386
-1.85964,1,6653.398443
-2.0,1,6657.512947
-2.0,1,6661.693979
-2.0,1,6665.863234
-1.905053,1,6669.866893
-1.73607,1,6673.91201
-2.0,1,6677.987301
-2.0,1,6682.019513
-1.75887,1,6686.002838
-1.707356,1,6690.123824
-2.0,1,6694.195569
-2.0,1,6698.242986
-2.0,1,6702.27166
-2.0,1,6706.361013
-2.0,1,6710.482088
-1.990647,1,6714.576263
-2.0,1,6720.38155
-2.0,1,6724.426121
-2.0,1,6728.451703
-2.0,1,6732.665776
-1.710718,1,6736.687501
-2.0,1,6740.724587
-2.0,1,6744.765182
-1.782005,1,6748.749001
-2.0,1,6752.88486
-2.0,1,6756.912259
-2.0,1,6761.007737
-2.0,1,6764.996095
-2.0,1,6769.061069
-1.98035,1,6773.10321
-2.0,1,6777.22915
-2.0,1,6781.267776
-1.720189,1,6785.329046
-2.0,1,6789.516678
-2.0,1,6793.563173
-1.726395,1,6797.544305
-2.0,1,6801.592822
-2.0,1,6805.680097
-2.0,1,6809.812738
-2.0,1,6813.879598
-2.0,1,6817.968253
-2.0,1,6822.061847
-2.0,1,6826.124614
-2.0,1,6830.126539
-2.0,1,6834.211278
-2.0,1,6838.238756
-2.0,1,6842.232995
-2.0,1,6846.240499
-2.0,1,6850.28761
-2.0,1,6854.405332
-1.699607,1,6858.492105
-1.788898,1,6862.590597
-2.0,1,6866.597645
-2.0,1,6870.653423
-2.0,1,6874.622091
-2.0,1,6878.709156
-2.0,1,6882.7155
-2.0,1,6886.838547
-1.706398,1,6890.79376
-2.0,1,6894.897387
-2.0,1,6898.905556
-2.0,1,6903.016582
-2.0,1,6907.122348
-2.0,1,6911.170943
-2.0,1,6915.210155
-2.0,1,6919.198737
-2.0,1,6923.242952
-2.0,1,6927.186852
-2.0,1,6931.176011
-2.0,1,6935.23243
-2.0,1,6939.25861
-2.0,1,6943.282897
-2.0,1,6947.259586
-2.0,1,6951.239062
-2.0,1,6955.340011
-2.0,1,6959.460074
-2.0,1,6963.497643
-2.0,1,6967.51768
-2.0,1,6971.501216
-1.816927,1,6975.546387
-2.0,1,6979.574513
-2.0,1,6983.639878
-2.0,1,6987.711968
-2.0,1,6991.710542
-1.706172,1,6995.838548
-2.0,1,6999.968183
-2.0,1,7004.056077
-2.0,1,7008.053625
-1.699135,1,7012.057037
-2.0,1,7016.080174
-1.831991,1,7020.087041
-2.0,1,7024.113889
-2.0,1,7028.208734
-2.0,1,7032.218999
-2.0,1,7036.186377
-2.0,1,7040.224383
-2.0,1,7044.17933
-2.0,1,7048.233441
-1.957881,1,7052.249712
-2.0,1,7056.307965
-2.0,1,7060.331617
-2.0,1,7064.393662
-2.0,1,7068.503113
-2.0,1,7072.497719
-2.0,1,7076.516494
-2.0,1,7080.615552
-2.0,1,7084.735752
-2.0,1,7088.712118
-2.0,1,7092.782357
-2.0,1,7096.755928
-1.703821,1,7100.964351
-2.0,1,7105.104614
-2.0,1,7109.097842
-2.0,1,7113.146249
-2.0,1,7117.263601
-2.0,1,7121.292989
-2.0,1,7125.393727
-1.713787,1,7129.537892
-2.0,1,7133.62869
-2.0,1,7137.65202
-2.0,1,7141.662046
-2.0,1,7145.719074
-2.0,1,7149.778143
-2.0,1,7153.792582
-2.0,1,7157.910664
-2.0,1,7161.98973
-2.0,1,7166.009379
-2.0,1,7170.112687
-2.0,1,7174.126689
-2.0,1,7178.215336
-2.0,1,7182.110975
-2.0,1,7186.127209
-2.0,1,7190.137014
-2.0,1,7194.142137
-2.0,1,7198.187873
-2.0,1,7202.235619
-2.0,1,7206.249337
-2.0,1,7210.258948
-2.0,1,7214.393035
-2.0,1,7218.442188
-2.0,1,7222.487364
-2.0,1,7226.493262
-2.0,1,7230.472472
-2.0,1,7234.527173
-2.0,1,7240.192749
-2.0,1,7244.260756
-2.0,1,7248.374878
-1.791816,1,7252.442971
-2.0,1,7256.448062
-2.0,1,7260.50034
-2.0,1,7264.466032
-2.0,1,7268.500246
-2.0,1,7272.492086
-2.0,1,7276.569735
-2.0,1,7280.650415
-2.0,1,7284.721056
-2.0,1,7288.747929
-2.0,1,7292.808267
-2.0,1,7296.871909
-1.699515,1,7300.964118
-2.0,1,7305.033717
-2.0,1,7309.094448
-2.0,1,7313.154495
-1.778227,1,7317.266335
-2.0,1,7321.295492
-2.0,1,7325.480443
-1.705182,1,7329.56678
-2.0,1,7333.541211
-2.0,1,7337.57525
-2.0,1,7341.691598
-2.0,1,7345.739145
-2.0,1,7349.78679
-2.0,1,7353.840461
-2.0,1,7357.831407
-2.0,1,7362.008156
-2.0,1,7366.03625
-2.0,1,7370.094638
-1.921622,1,7374.233878
-2.0,1,7378.218353
-1.706802,1,7382.197257
-2.0,1,7386.170696
-2.0,1,7390.307845
-2.0,1,7394.386695
-2.0,1,7398.54186
-2.0,1,7402.563478
-2.0,1,7406.592176
-2.0,1,7410.574046
-2.0,1,7414.647703
-1.00807,1,7418.714038
-2.0,1,7422.858306
-2.0,1,7426.870056
-2.0,1,7430.899701
-2.0,1,7434.907148
-2.0,1,7438.932868
-1.807074,1,7443.015302
-1.734484,1,7447.116443
-2.0,1,7451.163393
-2.0,1,7455.114955
-2.0,1,7459.20348
-2.0,1,7463.243323
-2.0,1,7467.267304
-2.0,1,7471.306055
-2.0,1,7475.373226
-2.0,1,7479.392649
-2.0,1,7483.456091
-2.0,1,7487.470573
-2.0,1,7491.518274
-2.0,1,7495.685055
-1.699366,1,7499.720338
-2.0,1,7503.714732
-2.0,1,7507.73079
-2.0,1,7511.714094
-2.0,1,7515.76948
-2.0,1,7519.831402
-2.0,1,7523.845624
-1.101764,1,7527.878908
-2.0,1,7531.837007
-2.0,1,7535.830374
-2.0,1,7539.916141
-2.0,1,7543.997867
-2.0,1,7547.992559
-1.730997,1,7551.990051
-1.941463,1,7555.973236
-1.928752,1,7559.919912
-2.0,1,7564.032939
-2.0,1,7568.122449
-2.0,1,7572.06408
-2.0,1,7576.11373
-2.0,1,7580.169889
-1.778025,1,7584.268497
-2.0,1,7588.428402
-1.822908,1,7592.476044
-1.951907,1,7596.473918
-2.0,1,7600.581473
-2.0,1,7604.605398
-2.0,1,7608.613991
-2.0,1,7612.784769
-2.0,1,7616.914772
-2.0,1,7620.932617
-2.0,1,7624.931631
-1.790371,1,7629.05303
-2.0,1,7633.096747
-2.0,1,7637.147907
-2.0,1,7641.197549
-2.0,1,7645.221631
-2.0,1,7649.196229
-2.0,1,7653.210892
-1.920803,1,7657.322392
-1.85867,1,7661.369484
-2.0,1,7665.446137
-1.876187,1,7669.437367
-2.0,1,7673.511023
-2.0,1,7677.52235
-2.0,1,7681.480889
-2.0,1,7685.618238
-2.0,1,7689.689238
-2.0,1,7693.723821
-2.0,1,7697.756788
-2.0,1,7701.748658
-1.716639,1,7705.744027
-2.0,1,7709.821582
-2.0,1,7713.897321
-1.299922,1,7717.92742
-2.0,1,7721.912567
-2.0,1,7725.960309
-2.0,1,7730.014646
-2.0,1,7734.106383
-1.777058,1,7738.270458
-1.853342,1,7742.256393
-1.753827,1,7746.300363
-2.0,1,7750.263246
-2.0,1,7754.380532
-2.0,1,7760.158685
-2.0,1,7764.240712
-1.708566,1,7768.235933
-2.0,1,7772.32863
-2.0,1,7776.309365
-1.727572,1,7780.405729
-2.0,1,7784.510722
-1.764593,1,7788.620623
-2.0,1,7792.736904
-2.0,1,7796.855557
-2.0,1,7800.894411
-2.0,1,7804.906414
-2.0,1,7809.073175
-2.0,1,7813.306379
-2.0,1,7817.310174
-1.743316,1,7821.307891
-2.0,1,7825.411967
-2.0,1,7829.473394
-2.0,1,7833.545344
-2.0,1,7837.709112
-2.0,1,7841.815552
-2.0,1,7845.827909
-2.0,1,7849.837623
-2.0,1,7854.035333
-2.0,1,7858.163959
-1.991572,1,7862.236907
-2.0,1,7866.419508
-2.0,1,7870.477269
-2.0,1,7874.502924
-2.0,1,7878.541082
-2.0,1,7882.763571
-2.0,1,7886.8316
-1.699547,1,7890.856166
-2.0,1,7895.013049
-2.0,1,7899.149155
-1.887049,1,7903.155436
-2.0,1,7907.245962
-2.0,1,7911.477377
-2.0,1,7915.552585
-2.0,1,7919.54693
-2.0,1,7923.545161
-2.0,1,7927.635427
-2.0,1,7931.73551
-2.0,1,7935.827021
-2.0,1,7940.839928
-1.970449,1,7944.998983
-2.0,1,7949.20158
-2.0,1,7953.346142
-2.0,1,7957.488162
-2.0,1,7961.577147
-2.0,1,7965.799755
-1.731398,1,7969.983132
-1.908215,1,7974.144319
-2.0,1,7978.403394
-2.0,1,7982.598762
-2.0,1,7986.837542
-2.0,1,7991.089807
-2.0,1,7995.262475
-2.0,1,7999.443678
-2.0,1,8003.625283
-1.922704,1,8007.729885
-2.0,1,8011.843394
-2.0,1,8016.145404
-2.0,1,8020.317291
-2.0,1,8024.339367
-2.0,1,8028.617378
-2.0,1,8032.918252
-2.0,1,8036.97162
-2.0,1,8041.150363
-1.934353,1,8045.486967
-2.0,1,8049.667632
-1.827793,1,8053.782629
-2.0,1,8057.957647
-1.70032,1,8062.179206
-2.0,1,8066.275006
-2.0,1,8070.356187
-2.0,1,8074.540178
-2.0,1,8078.727474
-1.984845,1,8082.892896
-2.0,1,8087.007192
-2.0,1,8091.27669
-2.0,1,8095.346961
-1.731165,1,8099.455965
-2.0,1,8103.525441
-2.0,1,8107.635029
-2.0,1,8111.725704
-1.79536,1,8115.925766
-2.0,1,8119.926513
-2.0,1,8123.91739
-2.0,1,8127.944346
-1.775802,1,8132.039433
-2.0,1,8136.058564
-2.0,1,8140.160129
-2.0,1,8144.269542
-2.0,1,8148.38177
-1.045665,1,8152.314528
-2.0,1,8156.289787
-2.0,1,8160.398392
-1.855736,1,8164.515791
-2.0,1,8168.484747
-2.0,1,8172.5697
-2.0,1,8176.683289
-2.0,1,8180.695361
-1.789894,1,8184.694486
-2.0,1,8188.779565
-2.0,1,8192.747143
-2.0,1,8196.672581
-2.0,1,8200.694901
-2.0,1,8204.707648
-2.0,1,8208.650467
-1.502795,1,8212.75779
-2.0,1,8216.865606
-2.0,1,8220.910647
-1.781749,1,8224.893049
-1.95998,1,8228.97551
-2.0,1,8233.159082
-2.0,1,8237.230178
-2.0,1,8241.243546
-2.0,1,8245.264024
-2.0,1,8249.198255
-2.0,1,8253.322433
-1.893097,1,8257.492463
-2.0,1,8261.631796
-1.98316,1,8265.653915
-2.0,1,8269.598335
-2.0,1,8273.776357
-2.0,1,8277.820165
-2.0,1,8282.077087
